Name,Section,Availability,Mass per metre   kg/m,Depth of section  h mm,Width of section  b mm,Thickness Web tw mm,Thickness Flange tf mm,Root radius  r mm,Depth between fillets  d mm,Ratios for local buckling Web cw / tw ,Ratios for local buckling Flange cf / tf ,Notch End clearance C mm,Notch Notch N mm,Notch  n mm,Surface area Per metre  m2,Surface area Per tonne  m2,Second moment of area Axis y-y  cm4,Second moment of area Axis z-z  cm4,Radius of gyration Axis y-y  cm,Radius of gyration Axis z-z  cm,Elastic modulus Axis y-y  cm3,Elastic modulus Axis z-z  cm3,Plastic modulus Axis y-y  cm3,Plastic modulus Axis z-z  cm3,Buckling parameter  U ,Torsional index  X ,Warping constant  Iw dm6,Torsional constant  IT cm4,Area of section  A cm2
UB1016x305x584,1016x305x584UB,Standard,584.0,1056.0,314.0,36.0,64.0,30.0,868.1,24.1,1.70,20.0,150.0,94.0,3.690,6.3,1246000.0,33400.0,40.90,6.70,23600.0,2130.0,28000.0,3480.0,0.869,18.0,81.2,7150.00,744.0
UB1016x305x494,1016x305x494UB,Standard,494.0,1036.0,309.0,31.0,54.0,30.0,868.1,28.0,2.02,18.0,150.0,84.0,3.240,6.6,1028000.0,26800.0,40.40,6.53,19800.0,1740.0,23400.0,2820.0,0.867,20.9,64,4400.00,629.0
UB1016x305x438,1016x305x438UB,Standard,438.0,1026.0,305.0,26.9,49.0,30.0,868.1,32.3,2.23,15.0,150.0,80.0,3.170,7.2,910000.0,23400.0,40.40,6.49,17700.0,1540.0,20800.0,2470.0,0.869,23.1,56,3190.00,556.0
UB1016x305x415,1016x305x415UB,Standard,415.0,1020.0,304.0,26.0,46.0,30.0,868.1,33.4,2.37,15.0,150.0,76.0,3.170,7.6,853000.0,21700.0,40.20,6.41,16700.0,1430.0,19600.0,2300.0,0.868,24.3,51.1,2700.00,529.0
UB1016x305x393,1016x305x393UB,Standard,392.7,1015.9,303.0,24.4,43.9,30.0,868.1,35.6,2.49,14.0,150.0,74.0,3.140,8.0,808000.0,20500.0,40.20,6.40,15900.0,1350.0,18500.0,2170.0,0.867,25.5,48.4,2330.00,500.0
UB1016x305x350,1016x305x350UB,Standard,350.0,1008.0,302.0,21.1,40.0,30.0,868.1,41.1,2.76,13.0,152.0,70.0,3.130,8.9,723000.0,18500.0,40.30,6.44,14300.0,1220.0,16600.0,1940.0,0.872,27.8,43.3,1720.00,445.0
UB1016x305x314,1016x305x314UB,Standard,314.3,999.9,300.0,19.1,35.9,30.0,868.1,45.5,3.08,12.0,152.0,66.0,3.110,9.9,644000.0,16200.0,40.10,6.37,12900.0,1080.0,14800.0,1710.0,0.87,30.7,37.7,1260.00,400.0
UB1016x305x272,1016x305x272UB,Standard,272.3,990.1,300.0,16.5,31.0,30.0,868.1,52.6,3.60,10.0,152.0,62.0,3.100,11.4,554000.0,14000.0,40.00,6.35,11200.0,934.0,12800.0,1470.0,0.871,35.0,32.2,835.00,347.0
UB1016x305x249,1016x305x249UB,Standard,248.7,980.1,300.0,16.5,26.0,30.0,868.1,52.6,4.30,10.0,152.0,56.0,3.080,12.4,481000.0,11800.0,39.00,6.09,9820.0,784.0,11300.0,1240.0,0.86,39.8,26.8,582.00,317.0
UB1016x305x222,1016x305x222UB,Standard,222.0,970.3,300.0,16.0,21.1,30.0,868.1,54.3,5.31,10.0,152.0,52.0,3.060,13.8,408000.0,9550.0,38.00,5.81,8410.0,636.0,9810.0,1020.0,0.85,45.7,21.5,390.00,283.0
UB914x419x388,914x419x388UB,Standard,388.0,921.0,420.5,21.4,36.6,24.1,799.6,37.4,4.79,13.0,210.0,62.0,3.440,8.9,720000.0,45400.0,38.20,9.59,15600.0,2160.0,17700.0,3340.0,0.885,26.7,88.9,1730.00,494.0
UB914x419x343,914x419x343UB,Standard,343.3,911.8,418.5,19.4,32.0,24.1,799.6,41.2,5.48,12.0,210.0,58.0,3.420,10.0,626000.0,39200.0,37.80,9.46,13700.0,1870.0,15500.0,2890.0,0.884,30.1,75.8,1190.00,437.0
UB914x305x576,914x305x576UB,Standard,576.0,993.0,322.0,36.1,65.0,19.0,824.8,22.8,1.91,20.0,154.0,86.0,3.460,6.0,1102000.0,36500.0,38.80,7.06,22200.0,2270.0,26300.0,3660.0,0.874,16.8,77.9,7130.00,733.0
UB914x305x521,914x305x521UB,Standard,521.0,981.0,319.0,33.0,58.9,19.0,824.8,25.0,2.11,19.0,154.0,80.0,3.170,6.1,982000.0,32100.0,38.50,6.96,20000.0,2020.0,23600.0,3240.0,0.873,18.3,67.7,5340.00,664.0
UB914x305x474,914x305x474UB,Standard,474.0,971.0,316.0,30.0,54.1,19.0,824.8,27.5,2.29,17.0,154.0,74.0,3.140,6.6,886000.0,28700.0,38.30,6.89,18200.0,1810.0,21400.0,2900.0,0.873,19.8,59.8,4100.00,604.0
UB914x305x425,914x305x425UB,Standard,425.0,961.0,313.0,26.9,49.0,19.0,824.8,30.7,2.53,15.0,154.0,70.0,3.110,7.3,788000.0,25200.0,38.10,6.82,16400.0,1610.0,19100.0,2560.0,0.874,21.8,52.1,3030.00,542.0
UB914x305x381,914x305x381UB,Standard,381.0,951.0,310.0,24.4,43.9,19.0,824.8,33.8,2.82,14.0,154.0,64.0,3.090,8.1,697000.0,21900.0,37.90,6.72,14600.0,1410.0,17000.0,2240.0,0.873,24.1,44.8,2200.00,486.0
UB914x305x345,914x305x345UB,Standard,345.0,943.0,308.0,22.1,39.9,19.0,824.8,37.3,3.11,13.0,154.0,60.0,3.060,8.9,626000.0,19500.0,37.70,6.66,13300.0,1270.0,15400.0,2000.0,0.873,26.3,39.6,1650.00,440.0
UB914x305x313,914x305x313UB,Standard,313.0,932.0,309.0,21.1,34.5,19.0,824.8,39.1,3.62,13.0,154.0,54.0,3.040,9.7,548000.0,17000.0,37.10,6.54,11800.0,1100.0,13600.0,1750.0,0.867,29.7,34.2,1160.00,398.0
UB914x305x289,914x305x289UB,Standard,289.1,926.6,307.7,19.5,32.0,19.1,824.4,42.3,3.91,12.0,156.0,52.0,3.010,10.4,504000.0,15600.0,37.00,6.51,10900.0,1010.0,12600.0,1600.0,0.868,31.9,31.2,926.00,368.0
UB914x305x271,914x305x271UB,Standard,271.0,923.0,307.0,18.4,30.0,19.0,824.8,44.8,4.18,11.0,156.0,50.0,3.010,11.1,472000.0,14500.0,36.90,6.48,10200.0,946.0,11800.0,1490.0,0.867,33.8,28.8,769.00,346.0
UB914x305x253,914x305x253UB,Standard,253.4,918.4,305.5,17.3,27.9,19.1,824.4,47.7,4.48,11.0,156.0,48.0,2.990,11.8,436000.0,13300.0,36.80,6.42,9500.0,871.0,10900.0,1370.0,0.864,36.2,26.4,626.00,323.0
UB914x305x238,914x305x238UB,Standard,238.0,915.0,305.0,16.5,25.9,19.0,824.8,50.0,4.84,10.0,156.0,46.0,2.990,12.6,406000.0,12300.0,36.60,6.36,8880.0,806.0,10200.0,1270.0,0.865,38.6,24.2,514.00,304.0
UB914x305x224,914x305x224UB,Standard,224.2,910.4,304.1,15.9,23.9,19.1,824.4,51.8,5.23,10.0,156.0,44.0,2.970,13.2,376000.0,11200.0,36.30,6.27,8270.0,739.0,9530.0,1160.0,0.86,41.4,22.1,422.00,286.0
UB914x305x201,914x305x201UB,Standard,200.9,903.0,303.3,15.1,20.2,19.1,824.4,54.6,6.19,10.0,156.0,40.0,2.960,14.7,325000.0,9420.0,35.70,6.07,7200.0,621.0,8350.0,982.0,0.853,46.9,18.4,291.00,256.0
UB838x292x226,838x292x226UB,Standard,226.5,850.9,293.8,16.1,26.8,17.8,761.7,47.3,4.52,10.0,150.0,46.0,2.810,12.4,340000.0,11400.0,34.30,6.27,7980.0,773.0,9160.0,1210.0,0.87,34.9,19.3,514.00,289.0
UB838x292x194,838x292x194UB,Standard,193.8,840.7,292.4,14.7,21.7,17.8,761.7,51.8,5.58,9.0,150.0,40.0,2.790,14.4,279000.0,9070.0,33.60,6.06,6640.0,620.0,7640.0,974.0,0.862,41.6,15.2,306.00,247.0
UB838x292x176,838x292x176UB,Standard,175.9,834.9,291.7,14.0,18.8,17.8,761.7,54.4,6.44,9.0,150.0,38.0,2.780,15.8,246000.0,7800.0,33.10,5.90,5890.0,535.0,6810.0,842.0,0.856,46.5,13,221.00,224.0
UB762x267x197,762x267x197UB,Standard,196.8,769.8,268.0,15.6,25.4,16.5,686.0,44.0,4.32,10.0,138.0,42.0,2.550,13.0,240000.0,8170.0,30.90,5.71,6230.0,610.0,7170.0,958.0,0.869,33.2,11.3,404.00,251.0
UB762x267x173,762x267x173UB,Standard,173.0,762.2,266.7,14.3,21.6,16.5,686.0,48.0,5.08,9.0,138.0,40.0,2.530,14.6,205000.0,6850.0,30.50,5.58,5390.0,514.0,6200.0,807.0,0.865,38.0,9.39,267.00,220.0
UB762x267x147,762x267x147UB,Standard,146.9,754.0,265.2,12.8,17.5,16.5,686.0,53.6,6.27,8.0,138.0,34.0,2.510,17.1,169000.0,5460.0,30.00,5.40,4470.0,411.0,5160.0,647.0,0.859,45.2,7.4,159.00,187.0
UB762x267x134,762x267x134UB,Standard,133.9,750.0,264.4,12.0,15.5,16.5,686.0,57.2,7.08,8.0,138.0,32.0,2.510,18.7,151000.0,4790.0,29.70,5.30,4020.0,362.0,4640.0,570.0,0.853,49.8,6.46,119.00,171.0
UB686x254x170,686x254x170UB,Standard,170.2,692.9,255.8,14.5,23.7,15.2,615.1,42.4,4.45,9.0,132.0,40.0,2.350,13.8,170000.0,6630.0,28.00,5.53,4920.0,518.0,5630.0,811.0,0.872,31.8,7.42,308.00,217.0
UB686x254x152,686x254x152UB,Standard,152.4,687.5,254.5,13.2,21.0,15.2,615.1,46.6,5.02,9.0,132.0,38.0,2.340,15.4,150000.0,5780.0,27.80,5.46,4370.0,455.0,5000.0,710.0,0.871,35.4,6.42,220.00,194.0
UB686x254x140,686x254x140UB,Standard,140.1,683.5,253.7,12.4,19.0,15.2,615.1,49.6,5.55,8.0,132.0,36.0,2.330,16.6,136000.0,5180.0,27.60,5.39,3990.0,409.0,4560.0,638.0,0.87,38.6,5.72,169.00,178.0
UB686x254x125,686x254x125UB,Standard,125.2,677.9,253.0,11.7,16.2,15.2,615.1,52.6,6.51,8.0,132.0,32.0,2.320,18.5,118000.0,4380.0,27.20,5.24,3480.0,346.0,3990.0,542.0,0.862,43.8,4.8,116.00,159.0
UB610x305x238,610x305x238UB,Standard,238.1,635.8,311.4,18.4,31.4,16.5,540.0,29.3,4.14,11.0,158.0,48.0,2.450,10.3,209000.0,15800.0,26.30,7.23,6590.0,1020.0,7490.0,1570.0,0.886,21.3,14.5,785.00,303.0
UB610x305x179,610x305x179UB,Standard,179.0,620.2,307.1,14.1,23.6,16.5,540.0,38.3,5.51,9.0,158.0,42.0,2.410,13.5,153000.0,11400.0,25.90,7.07,4930.0,743.0,5550.0,1140.0,0.885,27.7,10.2,340.00,228.0
UB610x305x149,610x305x149UB,Standard,149.2,612.4,304.8,11.8,19.7,16.5,540.0,45.8,6.60,8.0,158.0,38.0,2.390,16.0,126000.0,9310.0,25.70,7.00,4110.0,611.0,4590.0,937.0,0.886,32.7,8.17,200.00,190.0
UB610x229x140,610x229x140UB,Standard,139.9,617.2,230.2,13.1,22.1,12.7,547.6,41.8,4.34,9.0,120.0,36.0,2.110,15.1,112000.0,4510.0,25.00,5.03,3620.0,391.0,4140.0,611.0,0.875,30.5,3.99,216.00,178.0
UB610x229x125,610x229x125UB,Standard,125.1,612.2,229.0,11.9,19.6,12.7,547.6,46.0,4.89,8.0,120.0,34.0,2.090,16.7,98600.0,3930.0,24.90,4.97,3220.0,343.0,3680.0,535.0,0.875,34.1,3.45,154.00,159.0
UB610x229x113,610x229x113UB,Standard,113.0,607.6,228.2,11.1,17.3,12.7,547.6,49.3,5.54,8.0,120.0,30.0,2.080,18.4,87300.0,3430.0,24.60,4.88,2870.0,301.0,3280.0,469.0,0.87,38.0,2.99,111.00,144.0
UB610x229x101,610x229x101UB,Standard,101.2,602.6,227.6,10.5,14.8,12.7,547.6,52.2,6.48,7.0,120.0,28.0,2.070,20.5,75800.0,2910.0,24.20,4.75,2520.0,256.0,2880.0,400.0,0.863,43.1,2.52,77.00,129.0
UB610x178x100,610x178x100UB,+,100.3,607.4,179.2,11.3,17.2,12.7,547.6,48.5,4.14,8.0,94.0,30.0,1.890,18.8,72500.0,1660.0,23.80,3.60,2390.0,185.0,2790.0,296.0,0.855,38.7,1.44,95.00,128.0
UB610x178x92,610x178x92UB,+,92.2,603.0,178.8,10.9,15.0,12.7,547.6,50.2,4.75,7.0,94.0,28.0,1.880,20.4,64600.0,1440.0,23.40,3.50,2140.0,161.0,2510.0,258.0,0.85,42.6,1.24,71.00,117.0
UB610x178x82,610x178x82UB,+,81.8,598.6,177.9,10.0,12.8,12.7,547.6,54.8,5.57,7.0,94.0,26.0,1.870,22.9,55900.0,1210.0,23.20,3.40,1870.0,136.0,2190.0,218.0,0.843,48.4,1.04,48.80,104.0
UB533x312x273,533x312x273UB,+,273.3,577.1,320.2,21.1,37.6,12.7,476.5,22.6,3.64,13.0,160.0,52.0,2.370,8.7,199000.0,20600.0,23.90,7.69,6890.0,1290.0,7870.0,1990.0,0.891,15.9,15,1290.00,348.0
UB533x312x219,533x312x219UB,+,218.8,560.3,317.4,18.3,29.2,12.7,476.5,26.0,4.69,11.0,160.0,42.0,2.330,10.6,151000.0,15600.0,23.30,7.48,5400.0,982.0,6120.0,1510.0,0.884,19.8,11,642.00,279.0
UB533x312x182,533x312x182UB,+,181.5,550.7,314.5,15.2,24.4,12.7,476.5,31.3,5.61,10.0,160.0,38.0,2.310,12.7,123000.0,12700.0,23.10,7.40,4480.0,806.0,5040.0,1240.0,0.887,23.4,8.77,373.00,231.0
UB533x312x151,533x312x151UB,+,150.6,542.5,312.0,12.7,20.3,12.7,476.5,37.5,6.75,8.0,160.0,34.0,2.290,15.2,101000.0,10300.0,22.90,7.32,3710.0,659.0,4150.0,1010.0,0.886,27.8,7.01,216.00,192.0
UB533x210x138,533x210x138UB,+,138.3,549.1,213.9,14.7,23.6,12.7,476.5,32.4,3.68,9.0,110.0,38.0,1.900,13.7,86100.0,3860.0,22.10,4.68,3140.0,361.0,3610.0,568.0,0.873,25.0,2.67,250.00,176.0
UB533x210x122,533x210x122UB,Standard,122.0,544.5,211.9,12.7,21.3,12.7,476.5,37.5,4.08,8.0,110.0,34.0,1.890,15.5,76000.0,3390.0,22.10,4.67,2790.0,320.0,3200.0,500.0,0.878,27.6,2.32,178.00,155.0
UB533x210x109,533x210x109UB,Standard,109.0,539.5,210.8,11.6,18.8,12.7,476.5,41.1,4.62,8.0,110.0,32.0,1.880,17.2,66800.0,2940.0,21.90,4.60,2480.0,279.0,2830.0,436.0,0.875,30.9,1.99,126.00,139.0
UB533x210x101,533x210x101UB,Standard,101.0,536.7,210.0,10.8,17.4,12.7,476.5,44.1,4.99,7.0,110.0,32.0,1.870,18.5,61500.0,2690.0,21.90,4.57,2290.0,256.0,2610.0,399.0,0.873,33.2,1.81,101.00,129.0
UB533x210x92,533x210x92UB,Standard,92.1,533.1,209.3,10.1,15.6,12.7,476.5,47.2,5.57,7.0,110.0,30.0,1.860,20.2,55200.0,2390.0,21.70,4.51,2070.0,228.0,2360.0,355.0,0.873,36.4,1.6,75.70,117.0
UB533x210x82,533x210x82UB,Standard,82.2,528.3,208.8,9.6,13.2,12.7,476.5,49.6,6.58,7.0,110.0,26.0,1.850,22.5,47500.0,2010.0,21.30,4.38,1800.0,192.0,2060.0,300.0,0.864,41.5,1.33,51.50,105.0
UB533x165x85,533x165x85UB,+,84.8,534.9,166.5,10.3,16.5,12.7,476.5,46.3,3.96,7.0,90.0,30.0,1.690,19.9,48500.0,1270.0,21.20,3.44,1820.0,153.0,2100.0,243.0,0.859,35.5,0.857,73.80,108.0
UB533x165x75,533x165x75UB,+,74.7,529.1,165.9,9.7,13.6,12.7,476.5,49.1,4.81,7.0,90.0,28.0,1.680,22.5,41100.0,1040.0,20.80,3.30,1550.0,125.0,1810.0,200.0,0.853,41.1,0.691,47.90,95.2
UB533x165x66,533x165x66UB,+,65.7,524.7,165.1,8.9,11.4,12.7,476.5,53.5,5.74,6.0,90.0,26.0,1.670,25.4,35000.0,859.0,20.50,3.20,1340.0,104.0,1560.0,166.0,0.847,47.0,0.566,32.00,83.7
UB457x191x161,457x191x161UB,+,161.4,492.0,199.4,18.0,32.0,10.2,407.6,22.6,2.52,11.0,102.0,44.0,1.730,10.7,79800.0,4250.0,19.70,4.55,3240.0,426.0,3780.0,672.0,0.881,16.5,2.25,515.00,206.0
UB457x191x133,457x191x133UB,+,133.3,480.6,196.7,15.3,26.3,10.2,407.6,26.6,3.06,10.0,102.0,38.0,1.700,12.8,63800.0,3350.0,19.40,4.44,2660.0,341.0,3070.0,535.0,0.88,19.6,1.73,292.00,170.0
UB457x191x106,457x191x106UB,+,105.8,469.2,194.0,12.6,20.6,10.2,407.6,32.3,3.91,8.0,102.0,32.0,1.670,15.8,48900.0,2510.0,19.00,4.32,2080.0,259.0,2390.0,405.0,0.876,24.5,1.27,146.00,135.0
UB457x191x98,457x191x98UB,Standard,98.3,467.2,192.8,11.4,19.6,10.2,407.6,35.8,4.11,8.0,102.0,30.0,1.670,17.0,45700.0,2350.0,19.10,4.33,1960.0,243.0,2230.0,379.0,0.881,25.8,1.18,121.00,125.0
UB457x191x89,457x191x89UB,Standard,89.3,463.4,191.9,10.5,17.7,10.2,407.6,38.8,4.55,7.0,102.0,28.0,1.660,18.6,41000.0,2090.0,19.00,4.29,1770.0,218.0,2010.0,338.0,0.877,28.3,1.04,90.70,114.0
UB457x191x82,457x191x82UB,Standard,82.0,460.0,191.3,9.9,16.0,10.2,407.6,41.2,5.03,7.0,102.0,28.0,1.650,20.1,37100.0,1870.0,18.80,4.23,1610.0,196.0,1830.0,304.0,0.879,30.8,0.922,69.20,104.0
UB457x191x74,457x191x74UB,Standard,74.3,457.0,190.4,9.0,14.5,10.2,407.6,45.3,5.55,7.0,102.0,26.0,1.640,22.1,33300.0,1670.0,18.80,4.20,1460.0,176.0,1650.0,272.0,0.876,33.8,0.818,51.80,94.6
UB457x191x67,457x191x67UB,Standard,67.1,453.4,189.9,8.5,12.7,10.2,407.6,48.0,6.34,6.0,102.0,24.0,1.630,24.3,29400.0,1450.0,18.50,4.12,1300.0,153.0,1470.0,237.0,0.872,37.9,0.705,37.10,85.5
UB457x152x82,457x152x82UB,Standard,82.1,465.8,155.3,10.5,18.9,10.2,407.6,38.8,3.29,7.0,84.0,30.0,1.510,18.4,36600.0,1180.0,18.70,3.37,1570.0,153.0,1810.0,240.0,0.87,27.5,0.591,89.20,105.0
UB457x152x74,457x152x74UB,Standard,74.2,462.0,154.4,9.6,17.0,10.2,407.6,42.5,3.66,7.0,84.0,28.0,1.500,20.2,32700.0,1050.0,18.60,3.33,1410.0,136.0,1630.0,213.0,0.874,30.1,0.518,65.90,94.5
UB457x152x67,457x152x67UB,Standard,67.2,458.0,153.8,9.0,15.0,10.2,407.6,45.3,4.15,7.0,84.0,26.0,1.500,22.3,28900.0,913.0,18.40,3.27,1260.0,119.0,1450.0,187.0,0.867,33.6,0.448,47.70,85.6
UB457x152x60,457x152x60UB,Standard,59.8,454.6,152.9,8.1,13.3,10.2,407.6,50.3,4.68,6.0,84.0,24.0,1.490,24.9,25500.0,795.0,18.30,3.23,1120.0,104.0,1290.0,163.0,0.869,37.5,0.387,33.80,76.2
UB457x152x52,457x152x52UB,Standard,52.3,449.8,152.4,7.6,10.9,10.2,407.6,53.6,5.71,6.0,84.0,22.0,1.480,28.3,21400.0,645.0,17.90,3.11,950.0,84.6,1100.0,133.0,0.861,43.8,0.311,21.40,66.6
UB406x178x85,406x178x85UB,+,85.3,417.2,181.9,10.9,18.2,10.2,360.4,33.1,4.14,7.0,96.0,30.0,1.520,17.8,31700.0,1830.0,17.10,4.11,1520.0,201.0,1730.0,313.0,0.879,24.4,0.728,93.00,109.0
UB406x178x74,406x178x74UB,Standard,74.2,412.8,179.5,9.5,16.0,10.2,360.4,37.9,4.68,7.0,96.0,28.0,1.510,20.4,27300.0,1550.0,17.00,4.04,1320.0,172.0,1500.0,267.0,0.882,27.5,0.608,62.80,94.5
UB406x178x67,406x178x67UB,Standard,67.1,409.4,178.8,8.8,14.3,10.2,360.4,41.0,5.23,6.0,96.0,26.0,1.500,22.4,24300.0,1360.0,16.90,3.99,1190.0,153.0,1350.0,237.0,0.88,30.5,0.533,46.10,85.5
UB406x178x60,406x178x60UB,Standard,60.1,406.4,177.9,7.9,12.8,10.2,360.4,45.6,5.84,6.0,96.0,24.0,1.490,24.8,21600.0,1200.0,16.80,3.97,1060.0,135.0,1200.0,209.0,0.88,33.8,0.466,33.30,76.5
UB406x178x54,406x178x54UB,Standard,54.1,402.6,177.7,7.7,10.9,10.2,360.4,46.8,6.86,6.0,96.0,22.0,1.480,27.4,18700.0,1020.0,16.50,3.85,930.0,115.0,1050.0,178.0,0.869,38.3,0.392,23.10,69.0
UB406x140x53,406x140x53UB,+,53.3,406.6,143.3,7.9,12.9,10.2,360.4,45.6,4.46,6.0,78.0,24.0,1.350,25.3,18300.0,635.0,16.40,3.06,899.0,88.6,1030.0,139.0,0.87,34.1,0.246,29.00,67.9
UB406x140x46,406x140x46UB,Standard,46.0,403.2,142.2,6.8,11.2,10.2,360.4,53.0,5.13,5.0,78.0,22.0,1.340,29.1,15700.0,538.0,16.40,3.03,778.0,75.7,888.0,118.0,0.871,39.0,0.207,19.00,58.6
UB406x140x39,406x140x39UB,Standard,39.0,398.0,141.8,6.4,8.6,10.2,360.4,56.3,6.69,5.0,78.0,20.0,1.330,34.1,12500.0,410.0,15.90,2.87,629.0,57.8,724.0,90.8,0.858,47.4,0.155,10.70,49.7
UB356x171x67,356x171x67UB,Standard,67.1,363.4,173.2,9.1,15.7,10.2,311.6,34.2,4.58,7.0,94.0,26.0,1.380,20.6,19500.0,1360.0,15.10,3.99,1070.0,157.0,1210.0,243.0,0.886,24.4,0.412,55.70,85.5
UB356x171x57,356x171x57UB,Standard,57.0,358.0,172.2,8.1,13.0,10.2,311.6,38.5,5.53,6.0,94.0,24.0,1.370,24.0,16000.0,1110.0,14.90,3.91,896.0,129.0,1010.0,199.0,0.882,28.8,0.33,33.40,72.6
UB356x171x51,356x171x51UB,Standard,51.0,355.0,171.5,7.4,11.5,10.2,311.6,42.1,6.25,6.0,94.0,22.0,1.360,26.7,14100.0,968.0,14.80,3.86,796.0,113.0,896.0,174.0,0.88,32.1,0.286,23.80,64.9
UB356x171x45,356x171x45UB,Standard,45.0,351.4,171.1,7.0,9.7,10.2,311.6,44.5,7.41,6.0,94.0,20.0,1.360,30.2,12100.0,811.0,14.50,3.76,687.0,94.8,775.0,147.0,0.874,36.8,0.237,15.80,57.3
UB356x127x39,356x127x39UB,Standard,39.1,353.4,126.0,6.6,10.7,10.2,311.6,47.2,4.63,5.0,70.0,22.0,1.180,30.2,10200.0,358.0,14.30,2.68,576.0,56.8,659.0,89.0,0.871,35.2,0.105,15.10,49.8
UB356x127x33,356x127x33UB,Standard,33.1,349.0,125.4,6.0,8.5,10.2,311.6,51.9,5.82,5.0,70.0,20.0,1.170,35.3,8250.0,280.0,14.00,2.58,473.0,44.7,543.0,70.2,0.863,42.1,0.081,8.79,42.1
UB305x165x54,305x165x54UB,Standard,54.0,310.4,166.9,7.9,13.7,8.9,265.2,33.6,5.15,6.0,90.0,24.0,1.260,23.3,11700.0,1060.0,13.00,3.93,754.0,127.0,846.0,196.0,0.888,23.6,0.234,34.80,68.8
UB305x165x46,305x165x46UB,Standard,46.1,306.6,165.7,6.7,11.8,8.9,265.2,39.6,5.98,5.0,90.0,22.0,1.250,27.1,9900.0,896.0,13.00,3.90,646.0,108.0,720.0,166.0,0.89,27.1,0.195,22.20,58.7
UB305x165x40,305x165x40UB,Standard,40.3,303.4,165.0,6.0,10.2,8.9,265.2,44.2,6.92,5.0,90.0,20.0,1.240,30.8,8500.0,764.0,12.90,3.86,560.0,92.6,623.0,142.0,0.889,31.0,0.164,14.70,51.3
UB305x127x48,305x127x48UB,Standard,48.1,311.0,125.3,9.0,14.0,8.9,265.2,29.5,3.52,7.0,70.0,24.0,1.090,22.7,9570.0,461.0,12.50,2.74,616.0,73.6,711.0,116.0,0.873,23.3,0.102,31.80,61.2
UB305x127x42,305x127x42UB,Standard,41.9,307.2,124.3,8.0,12.1,8.9,265.2,33.2,4.07,6.0,70.0,22.0,1.080,25.8,8200.0,389.0,12.40,2.70,534.0,62.6,614.0,98.4,0.872,26.5,0.0846,21.10,53.4
UB305x127x37,305x127x37UB,Standard,37.0,304.4,123.4,7.1,10.7,8.9,265.2,37.4,4.60,6.0,70.0,20.0,1.070,28.9,7170.0,336.0,12.30,2.67,471.0,54.5,539.0,85.4,0.871,29.7,0.0725,14.80,47.2
UB305x102x33,305x102x33UB,Standard,32.8,312.7,102.4,6.6,10.8,7.6,275.9,41.8,3.73,5.0,58.0,20.0,1.010,30.8,6500.0,194.0,12.50,2.15,416.0,37.9,481.0,60.0,0.867,31.6,0.0442,12.20,41.8
UB305x102x28,305x102x28UB,Standard,28.2,308.7,101.8,6.0,8.8,7.6,275.9,46.0,4.58,5.0,58.0,18.0,1.000,35.5,5370.0,155.0,12.20,2.08,348.0,30.5,403.0,48.4,0.859,37.4,0.0349,7.40,35.9
UB305x102x25,305x102x25UB,Standard,24.8,305.1,101.6,5.8,7.0,7.6,275.9,47.6,5.76,5.0,58.0,16.0,0.992,40.0,4460.0,123.0,11.90,1.97,292.0,24.2,342.0,38.8,0.849,43.1,0.027,4.77,31.6
UB254x146x43,254x146x43UB,Standard,43.0,259.6,147.3,7.2,12.7,7.6,219.0,30.4,4.92,6.0,82.0,22.0,1.080,25.1,6540.0,677.0,10.90,3.52,504.0,92.0,566.0,141.0,0.89,21.1,0.103,23.90,54.8
UB254x146x37,254x146x37UB,Standard,37.0,256.0,146.4,6.3,10.9,7.6,219.0,34.8,5.73,5.0,82.0,20.0,1.070,28.9,5540.0,571.0,10.80,3.48,433.0,78.0,483.0,119.0,0.889,24.3,0.0857,15.30,47.2
UB254x146x31,254x146x31UB,Standard,31.1,251.4,146.1,6.0,8.6,7.6,219.0,36.5,7.26,5.0,82.0,18.0,1.060,34.1,4410.0,448.0,10.50,3.36,351.0,61.3,393.0,94.1,0.879,29.6,0.066,8.55,39.7
UB254x102x28,254x102x28UB,Standard,28.3,260.4,102.2,6.3,10.0,7.6,225.2,35.7,4.04,5.0,58.0,18.0,0.904,31.9,4000.0,179.0,10.50,2.22,308.0,34.9,353.0,54.8,0.874,27.5,0.028,9.57,36.1
UB254x102x25,254x102x25UB,Standard,25.2,257.2,101.9,6.0,8.4,7.6,225.2,37.5,4.80,5.0,58.0,16.0,0.897,35.6,3410.0,149.0,10.30,2.15,266.0,29.2,306.0,46.0,0.868,31.4,0.023,6.42,32.0
UB254x102x22,254x102x22UB,Standard,22.0,254.0,101.6,5.7,6.8,7.6,225.2,39.5,5.93,5.0,58.0,16.0,0.890,40.5,2840.0,119.0,10.10,2.06,224.0,23.5,259.0,37.3,0.856,36.3,0.0182,4.15,28.0
UB203x133x30,203x133x30UB,Standard,30.0,206.8,133.9,6.4,9.6,7.6,172.4,26.9,5.85,5.0,74.0,18.0,0.923,30.8,2900.0,385.0,8.71,3.17,280.0,57.5,314.0,88.2,0.881,21.5,0.0374,10.30,38.2
UB203x133x25,203x133x25UB,Standard,25.1,203.2,133.2,5.7,7.8,7.6,172.4,30.2,7.20,5.0,74.0,16.0,0.915,36.5,2340.0,308.0,8.56,3.10,230.0,46.2,258.0,70.9,0.877,25.6,0.0294,5.96,32.0
UB203x102x23,203x102x23UB,Standard,23.1,203.2,101.8,5.4,9.3,7.6,169.4,31.4,4.37,5.0,60.0,18.0,0.790,34.2,2100.0,164.0,8.46,2.36,207.0,32.2,234.0,49.7,0.888,22.4,0.0154,7.02,29.4
UB178x102x19,178x102x19UB,Standard,19.0,177.8,101.2,4.8,7.9,7.6,146.8,30.6,5.14,4.0,60.0,16.0,0.738,38.8,1360.0,137.0,7.48,2.37,153.0,27.0,171.0,41.6,0.886,22.6,0.0099,4.41,24.3
UB152x89x16,152x89x16UB,Standard,16.0,152.4,88.7,4.5,7.7,7.6,121.8,27.1,4.48,4.0,54.0,16.0,0.638,39.9,834.0,89.8,6.41,2.10,109.0,20.2,123.0,31.2,0.889,19.5,0.0047,3.56,20.3
UB127x76x13,127x76x13UB,Standard,13.0,127.0,76.0,4.0,7.6,7.6,96.6,24.2,3.74,4.0,46.0,16.0,0.537,41.3,473.0,55.7,5.35,1.84,74.6,14.7,84.2,22.6,0.894,16.3,0.002,2.85,16.5
,,,,,,,,,,,,,,,,,,,,,,,,,,,,,
